id,title,status,in_pursue_catalog,incident_date,location,records,entities,labels,path
aawsap,AAWSAP contract file and the 37 DIRDs,disputed,true,2008-07-18,"Washington, D.C.",dow-uap-d110 | dow-uap-d111 | dow-uap-d117 | dow-uap-d129 | dow-uap-d112 | dow-uap-d113 | dow-uap-d114 | dow-uap-d115 | dow-uap-d116 | dow-uap-d118 | dow-uap-d119 | dow-uap-d120 | dow-uap-d121 | dow-uap-d122 | dow-uap-d123 | dow-uap-d124 | dow-uap-d125 | dow-uap-d126 | dow-uap-d127 | dow-uap-d128 | dow-uap-d130 | dow-uap-d131 | dow-uap-d132 | dow-uap-d133 | dow-uap-d134 | dow-uap-d135 | dow-uap-d136 | dow-uap-d137 | dow-uap-d138 | dow-uap-d139 | dow-uap-d140 | dow-uap-d141 | dow-uap-d142 | dow-uap-d143 | dow-uap-d144 | dow-uap-d145 | dow-uap-d146 | dow-uap-d147 | dow-uap-d148 | dow-uap-d149 | dow-uap-d150 | dow-uap-d151 | dow-uap-d152 | dow-uap-d153,aawsap-program | department-of-war,official | analysis,cases/aawsap.md
apollo-17-three-dots,"Apollo 17 three dots, December 1972",unexplained,true,1972-12,Moon (photograph),nasa-uap-d002 | nasa-uap-d005 | nasa-uap-d006 | nasa-uap-d009 | nasa-uap-d028 | nasa-uap-d029 | nasa-uap-vm006,nasa | department-of-war,official | analysis,cases/apollo-17-three-dots.md
astronaut-particles,"Astronaut particles and ""fireflies""",explained,true,1962-05-24,Low Earth orbit,nasa-uap-d010 | nasa-uap-d011 | nasa-uap-d012 | nasa-uap-d013,nasa | walter-schirra,official | analysis,cases/astronaut-particles.md
colorado-nebraska-drones-2019-2020,"Colorado and Nebraska drone reports, December 2019–January 2020",disputed,false,2019-12,Northeast Colorado and western Nebraska,,colorado,analysis | press,cases/colorado-nebraska-drones-2019-2020.md
colorado-police-2023,"Colorado police phone videos, October 2023",unexplained,true,2023-10,Colorado,lle-uap-pr001 | lle-uap-pr002 | lle-uap-d001 | lle-uap-d002 | lle-uap-d003 | lle-uap-d004 | lle-uap-pr003 | lle-uap-pr004,local-law-enforcement | aaro | colorado,official | press | analysis,cases/colorado-police-2023.md
gulf-of-oman-orbs-2021,"Gulf of Oman cold orbs, September 8, 2021",unexplained,true,2021-09-08,Gulf of Oman,dow-uap-d101 | dow-uap-pr117 | dow-uap-pr118 | dow-uap-pr119 | dow-uap-pr120 | dow-uap-pr121 | dow-uap-pr122,department-of-war | aaro | ac-130 | gulf-of-oman,official | analysis,cases/gulf-of-oman-orbs-2021.md
puerto-rico-radar-1964,"Puerto Rico radar case, November 19, 1964",disputed,true,1964-11-19,Near Puerto Rico / Caribbean Sea,cia-uap-d022 | cia-uap-d023,cia | uss-gyatt | department-of-war,official | analysis,cases/puerto-rico-radar-1964.md
schirra-mercury-atlas-8,"Wally Schirra, Mercury-Atlas 8, October 3, 1962",disputed,true,1962-10-03,Low Earth orbit,nasa-uap-d012,nasa | walter-schirra,official | analysis | advocate | skeptic,cases/schirra-mercury-atlas-8.md
syria-instant-acceleration,"Syria clip titled ""instant acceleration""",explained,true,2021,CENTCOM (catalog location),dow-uap-pr051,aaro | department-of-war,official | analysis,cases/syria-instant-acceleration.md
tremonton-1952,"Tremonton, Utah film, July 2, 1952",disputed,true,1952-07-02,"Tremonton, Utah",dow-uap-d102 | dow-uap-pr159 | dow-uap-d098 | dow-uap-d103 | dow-uap-d104 | dow-uap-d105,project-blue-book | delbert-newhouse | department-of-war | tremonton-utah | robertson-panel,official | analysis,cases/tremonton-1952.md
western-us-event-2023,"Western United States Event, 2023",unexplained,true,2023,Western United States,dow-uap-d077 | dow-uap-d078 | dow-uap-d079 | dow-uap-d080 | dow-uap-d081 | dow-uap-d082 | dow-uap-d083 | fbi-uap-d014-western-us-event-rendering | fbi-uap-d015 | fbi-uap-d016 | fbi-uap-d017 | fbi-uap-d018 | fbi-uap-d019 | fbi-uap-d020 | fbi-uap-d021 | fbi-uap-d022 | fbi-uap-d023 | fbi-uap-pr005 | fbi-uap-pr006 | western-us-event,aaro | department-of-war | fbi | western-united-states,official | analysis,cases/western-us-event-2023.md
western-us-test-range-orbs-2025,Late 2025 orbs at a western U.S. test installation,unexplained,true,2025,Western United States,fbi-photo-a001 | fbi-photo-a002 | fbi-photo-a003 | fbi-photo-a004 | fbi-photo-a005 | fbi-photo-a006 | fbi-photo-a007 | fbi-photo-a008 | fbi-photo-b001 | fbi-photo-b002 | fbi-photo-b003 | fbi-photo-b004 | fbi-photo-b005 | fbi-photo-b006 | fbi-photo-b007 | fbi-photo-b008 | fbi-photo-b009 | fbi-photo-b010 | fbi-photo-b011 | fbi-photo-b012 | fbi-photo-b013 | fbi-photo-b014 | fbi-photo-b015 | fbi-photo-b016 | fbi-photo-b017 | fbi-photo-b018 | fbi-photo-b019 | fbi-photo-b020 | fbi-photo-b021 | fbi-photo-b022 | fbi-photo-b023 | fbi-photo-b024 | odni-uap-d001 | usper-statement-about-uap-sighting,fbi | odni | aaro | department-of-war | western-united-states,official | analysis,cases/western-us-test-range-orbs-2025.md
